date,retail_price,wholesale_price,average_temperature,average_rainfall,diesel_price
2015-01-05,106.92,33.0,24.91,0.23,111.0
2015-01-12,107.35,43.89,24.79,0.04,111.0
2015-01-19,119.46,78.5,25.62,0.04,111.0
2015-01-26,154.32,93.0,25.4,0.74,111.0
2015-02-02,171.2,128.0,25.22,3.99,95.0
2015-02-09,194.0,130.91,25.97,2.9,95.0
2015-02-16,190.0,124.17,24.91,0.07,95.0
2015-02-23,188.71,109.09,26.19,4.96,95.0
2015-03-02,159.77,73.33,27.11,0.57,95.0
2015-03-09,125.81,66.36,26.52,2.71,95.0
2015-03-16,113.26,57.31,27.13,0.16,95.0
2015-03-23,97.69,37.73,28.26,1.23,95.0
2015-03-30,83.95,28.63,28.76,3.61,95.0
2015-04-06,90.27,28.0,28.31,3.13,95.0
2015-04-13,79.55,25.0,27.86,5.73,95.0
2015-04-20,79.3,23.64,27.8,6.43,95.0
2015-04-27,75.91,20.45,28.32,2.36,95.0
2015-05-04,72.89,20.0,28.04,8.47,95.0
2015-05-11,70.0,19.0,27.19,9.39,95.0
2015-05-18,67.0,17.5,28.16,0.37,95.0
2015-05-25,66.36,17.27,28.63,1.44,95.0
2015-06-01,64.35,13.91,27.79,3.13,95.0
2015-06-08,70.25,18.73,28.2,0.21,95.0
2015-06-15,66.67,17.22,28.01,1.57,95.0
2015-06-22,67.5,17.73,28.38,1.16,95.0
2015-06-29,68.5,20.91,28.07,0.96,95.0
2015-07-06,76.28,29.23,28.61,0.61,95.0
2015-07-13,74.33,28.5,28.66,1.31,95.0
2015-07-20,84.88,36.0,27.96,1.24,95.0
2015-07-27,94.0,49.0,28.65,0.49,95.0
2015-08-03,90.0,40.0,28.77,0.47,95.0
2015-08-10,79.19,32.0,29.51,6.59,95.0
2015-08-17,83.25,34.55,28.19,2.27,95.0
2015-08-24,85.5,36.67,28.26,0.36,95.0
2015-08-31,82.11,35.91,28.57,3.99,95.0
2015-09-07,75.95,33.64,27.46,2.54,95.0
2015-09-14,84.2,43.75,28.1,1.17,95.0
2015-09-21,93.68,45.0,28.09,3.61,95.0
2015-09-28,84.2,45.0,27.35,3.1,95.0
2015-10-05,82.25,40.42,27.55,1.76,95.0
2015-10-12,80.35,38.64,27.5,11.89,95.0
2015-10-19,88.57,41.67,27.15,8.77,95.0
2015-10-26,98.33,43.64,25.6,21.21,95.0
2015-11-02,99.15,46.82,25.8,12.54,95.0
2015-11-09,97.35,38.0,25.69,23.66,95.0
2015-11-16,94.77,36.67,26.37,6.27,95.0
2015-11-23,93.59,35.77,25.67,4.16,95.0
2015-11-30,90.91,29.55,25.77,10.2,95.0
2015-12-07,92.95,34.09,26.29,11.73,95.0
2015-12-14,94.5,39.17,26.01,4.34,95.0
2015-12-21,99.55,42.73,25.71,0.97,95.0
2016-01-04,100.27,45.45,25.64,0.79,95.0
2016-01-11,96.22,44.05,24.99,0.0,95.0
2016-01-18,101.61,62.0,25.96,1.23,95.0
2016-01-25,104.05,62.5,25.95,0.01,95.0
2016-02-01,128.75,78.0,26.02,0.0,95.0
2016-02-08,151.14,110.0,27.01,0.27,95.0
2016-02-15,149.51,80.0,27.03,1.83,95.0
2016-02-22,134.76,65.42,27.7,0.5,95.0
2016-02-29,125.58,60.5,28.04,0.23,95.0
2016-03-07,114.63,41.67,29.25,0.2,95.0
2016-03-14,87.73,37.5,29.56,0.26,95.0
2016-03-21,83.02,25.0,30.36,0.0,95.0
2016-03-28,80.89,22.5,29.53,3.54,95.0
2016-04-04,78.05,22.1,29.81,2.36,95.0
2016-04-11,77.27,22.5,30.23,0.44,95.0
2016-04-18,89.75,27.5,30.36,1.29,95.0
2016-04-25,85.68,26.25,30.61,2.89,95.0
2016-05-02,88.0,27.3,29.49,4.49,95.0
2016-05-09,90.0,27.8,27.72,16.77,95.0
2016-05-16,93.89,36.25,27.33,30.34,95.0
2016-05-23,111.05,43.75,28.18,0.53,95.0
2016-05-30,120.47,55.42,28.03,0.96,95.0
2016-06-06,122.0,60.0,27.67,1.09,95.0
2016-06-13,130.0,75.91,28.07,0.81,95.0
2016-06-20,156.98,93.33,27.98,1.53,95.0
2016-06-27,175.25,103.34,28.44,0.47,95.0
2016-07-04,199.52,140.0,28.73,0.19,95.0
2016-07-11,214.74,157.5,28.57,0.51,95.0
2016-07-18,210.25,144.54,28.3,0.93,95.0
2016-07-25,186.15,92.5,27.76,1.61,95.0
2016-08-01,157.69,80.0,28.88,0.17,95.0
2016-08-08,142.4,62.5,29.09,0.91,95.0
2016-08-15,118.92,44.0,29.04,0.19,95.0
2016-08-22,100.98,34.0,28.17,2.67,95.0
2016-08-29,96.52,31.25,27.87,1.24,95.0
2016-09-05,86.74,27.5,28.32,0.13,95.0
2016-09-12,93.81,29.38,28.94,0.54,95.0
2016-09-19,95.79,30.0,29.4,0.77,95.0
2016-09-26,96.7,31.82,29.1,0.16,95.0
2016-10-03,84.36,28.33,29.24,0.13,95.0
2016-10-10,83.3,25.83,29.04,1.94,95.0
2016-10-17,89.09,28.33,28.24,1.67,95.0
2016-10-24,88.78,27.65,27.79,3.09,95.0
2016-10-31,89.57,30.83,26.65,16.61,95.0
2016-11-07,89.3,30.0,26.79,3.87,95.0
2016-11-14,90.6,32.08,26.21,10.81,95.0
2016-11-21,82.68,28.5,25.78,5.31,95.0
2016-11-28,95.35,35.83,24.26,2.87,95.0
2016-12-05,80.0,40.0,25.67,0.73,95.0
2016-12-12,92.84,33.33,26.16,0.53,95.0
2016-12-19,94.5,37.5,24.83,1.49,95.0
2016-12-26,95.6,37.7,25.96,1.91,95.0
2017-01-02,110.29,52.08,24.79,0.53,95.0
2017-01-09,112.5,53.7,25.04,0.04,95.0
2017-01-16,104.25,37.5,24.84,2.44,95.0
2017-01-23,111.0,43.75,25.04,15.83,95.0
2017-01-30,101.0,42.6,24.91,0.43,95.0
2017-02-06,101.32,45.0,24.51,0.0,95.0
2017-02-13,107.95,46.5,25.95,1.13,95.0
2017-02-20,107.95,46.5,27.34,0.3,95.0
2017-02-27,111.86,53.75,26.58,8.86,95.0
2017-03-06,115.8974358974359,86.25,27.9,8.27,95.0
2017-03-13,115.28571428571428,88.0,27.47,2.73,95.0
2017-03-20,109.47368421052632,85.7142857142857,27.86,0.03,95.0
2017-03-27,131.14285714285714,88.6363636363636,28.83,2.77,95.0
2017-04-03,122.25,95.5555555555555,30.05,1.24,95.0
2017-04-10,118.52941176470588,85.55555555555556,29.96,3.21,95.0
2017-04-17,133.33333333333334,92.08333333,30.45,0.11,95.0
2017-04-24,123.125,57.0,30.82,0.81,95.0
2017-05-01,115.60975609756098,43.2857142857142,30.17,4.91,95.0
2017-05-08,114.44444444444444,37.0833333333333,29.44,3.41,95.0
2017-05-15,113.15789473684212,34.8333333333333,29.79,0.94,95.0
2017-05-22,114.57142857142856,29.1666666666666,28.81,1.11,95.0
2017-05-29,134.11764705882354,35.0,28.39,1.13,95.0
2017-06-05,136.47058823529412,53.8888888888888,29.09,0.9,95.0
2017-06-12,157.27272727272728,68.0666666666666,29.2,0.77,95.0
2017-06-19,165.66666666666666,74.0,28.21,2.97,95.0
2017-06-26,185.55555555555551,95.0,28.68,1.96,95.0
2017-07-03,188.125,102.222222222222,29.51,1.16,95.0
2017-07-10,196.66666666666663,104.090909090909,29.06,0.73,95.0
2017-07-17,189.6296296296296,105.5555556,29.31,0.51,95.0
2017-07-24,180.6060606060606,86.875,30.36,3.16,95.0
2017-07-31,160.9375,115.714285714285,28.92,1.79,95.0
2017-08-07,143.75,118.3333333,28.95,4.01,95.0
2017-08-14,119.28571428571428,120.0,27.94,1.31,95.0
2017-08-21,105.0,104.1818181818182,28.62,2.49,95.0
2017-08-28,100.57142857142856,93.5,28.58,14.74,95.0
2017-09-04,94.0625,110.9,26.88,5.21,95.0
2017-09-11,103.125,111.285714285714,27.58,3.26,95.0
2017-09-18,106.75675675675676,116.0,28.09,0.76,95.0
2017-09-25,108.33333333333331,92.5454545454545,27.47,1.17,95.0
2017-10-02,108.83720930232558,80.0,28.1,1.6,95.0
2017-10-09,109.5,66.90909091,26.74,7.27,95.0
2017-10-16,113.14285714285714,60.5,27.09,4.9,95.0
2017-10-23,114.11764705882354,58.25,27.46,13.61,95.0
2017-10-30,120.0,48.92857143,25.78,14.94,95.0
2017-11-06,130.23809523809524,45.0,25.76,8.11,95.0
2017-11-13,136.28571428571428,35.41666667,26.58,1.61,95.0
2017-11-20,130.0,37.27272727,26.14,10.21,95.0
2017-11-27,125.26315789473684,36.0,25.44,13.21,95.0
2017-12-04,128.97435897435898,44.0,25.72,1.03,95.0
2017-12-11,128.75,49.0,26.2,3.8,95.0
2017-12-18,123.0,51.44444444,25.11,0.84,95.0
2017-12-25,118.64864864864865,71.42857143,24.78,3.14,95.0
2018-01-01,117.14285714285714,35.41666667,24.82,0.01,95.0
2018-01-08,118.78787878787878,40.83333333,24.66,2.61,95.0
2018-01-15,106.66666666666669,38.75,24.53,0.06,95.0
2018-01-22,101.95121951219512,36.66666667,24.88,0.13,95.0
2018-01-29,108.78048780487804,40.41666667,25.38,0.66,95.0
2018-02-05,113.51351351351352,42.08333333,26.66,1.0,95.0
2018-02-12,114.375,45.83333333,26.11,0.77,95.0
2018-02-19,116.875,47.91666667,26.04,0.44,95.0
2018-02-26,112.58064516129032,47.08333333,26.85,2.03,95.0
2018-03-05,102.6470588235294,44.58333333,27.39,0.31,95.0
2018-03-12,101.17647058823528,42.5,27.67,2.93,95.0
2018-03-19,100.0,35.0,28.96,0.06,95.0
2018-03-26,98.4375,27.5,28.94,5.73,95.0
2018-04-02,97.14285714285714,19.58333333,29.14,5.9,95.0
2018-04-09,98.57142857142856,21.5,28.48,4.74,95.0
2018-04-16,97.4074074074074,19.16666667,29.27,1.37,95.0
2018-04-23,94.24242424242424,18.75,29.41,3.87,95.0
2018-04-30,81.81818181818181,17.91666667,29.14,5.89,95.0
2018-05-07,84.32432432432432,19.16666667,28.22,6.6,95.0
2018-05-14,87.71428571428571,19.28571429,26.89,8.09,95.0
2018-05-21,88.15789473684211,21.66666667,26.57,8.89,109.0
2018-05-28,97.05882352941175,23.63636364,28.06,2.34,109.0
2018-06-04,87.5,26.66666667,27.57,2.61,109.0
2018-06-11,88.78787878787878,27.30769231,27.8,1.34,109.0
2018-06-18,87.3529411764706,26.66666667,27.59,1.26,109.0
2018-06-25,89.39393939393939,27.5,28.1,0.53,109.0
2018-07-02,91.66666666666669,28.46153846,28.47,0.67,109.0
2018-07-09,100.57142857142856,32.91666667,28.24,0.51,109.0
2018-07-16,104.71,38.75,29.09,0.04,109.0
2018-07-23,113.61111111111111,40.5,29.31,0.17,118.0
2018-07-30,130.32258064516128,75.83333333,28.66,0.49,118.0
2018-08-06,135.16129032258064,78.33333333,28.38,1.73,118.0
2018-08-13,143.63636363636363,80.0,27.84,2.41,118.0
2018-08-20,138.27586206896552,70.0,29.02,3.37,118.0
2018-08-27,122.06896551724138,58.33333333,28.88,0.79,118.0
2018-09-03,121.17647058823528,48.33333333,28.86,0.17,118.0
2018-09-10,118.23529411764706,42.5,29.99,0.64,118.0
2018-09-17,117.1875,38.33333333,28.99,1.79,123.0
2018-09-24,103.63636363636364,33.33333333,27.48,29.89,123.0
2018-10-01,114.28571428571428,33.75,27.04,21.76,123.0
2018-10-08,115.45454545454544,35.0,26.8,6.23,123.0
2018-10-15,116.7741935483871,37.91666667,26.35,12.11,123.0
2018-10-22,119.375,46.66666667,26.11,14.47,123.0
2018-10-29,112.6470588235294,45.83333333,26.08,13.89,123.0
2018-11-05,119.3939393939394,52.5,25.18,29.56,123.0
2018-11-12,121.875,53.33333333,25.99,2.89,116.0
2018-11-19,120.66666666666669,47.91666667,25.99,10.94,116.0
2018-11-26,117.6470588235294,45.0,25.87,4.11,111.0
2018-12-03,114.19354838709675,42.08333333,26.2,3.39,111.0
2018-12-10,108.4375,36.25,24.94,0.51,106.0
2018-12-17,109.35483870967742,31.25,25.36,6.8,106.0
2018-12-24,100.0,23.75,25.56,3.04,106.0
2018-12-31,92.5925925925926,19.16666667,24.18,0.41,101.0
2019-01-07,89.6774193548387,15.41666667,24.83,0.69,101.0
2019-01-14,90.37037037037037,16.66666667,24.64,0.1,101.0
2019-01-21,74.375,16.15384615,25.67,0.49,99.0
2019-01-28,72.5,15.58333333,25.75,0.63,99.0
2019-02-04,72.85714285714286,13.75,26.32,9.23,99.0
2019-02-11,70.3125,12.91666667,26.64,1.39,99.0
2019-02-18,81.93548387096774,21.25,27.0,0.33,103.0
2019-02-25,78.0,19.58333333,27.89,0.39,103.0
2019-03-04,76.25,18.33333333,29.16,0.33,103.0
2019-03-11,80.3225806451613,19.16666667,28.54,0.1,103.0
2019-03-18,79.66666666666667,18.33333333,29.16,1.14,103.0
2019-03-25,76.07142857142857,17.0,29.46,0.0,104.0
2019-04-01,84.24242424242425,18.5,29.99,0.2,104.0
2019-04-08,97.5,20.0,30.59,0.5,104.0
2019-04-15,97.19827586206895,27.25,29.09,13.01,104.0
2019-04-22,96.89655172413794,34.5,28.92,1.1,104.0
2019-04-29,104.44444444444444,36.0,28.79,0.89,104.0
2019-05-06,117.14285714285714,47.0,29.91,0.11,104.0
2019-05-13,117.93103448275862,56.5,29.73,0.24,104.0
2019-05-20,128.92857142857142,65.5,29.52,1.49,104.0
2019-05-27,126.29629629629628,64.0,30.44,0.44,104.0
2019-06-03,135.76923076923077,66.0,29.33,1.13,104.0
2019-06-10,143.84615384615384,87.0,29.41,0.59,104.0
2019-06-17,180.71428571428572,120.0,30.11,0.16,104.0
2019-06-24,199.25925925925927,140.0,29.84,0.37,104.0
2019-07-01,195.86206896551724,134.0,29.91,0.3,104.0
2019-07-08,186.7741935483871,88.0,29.88,1.73,104.0
2019-07-15,165.66666666666666,67.0,29.35,1.79,104.0
2019-07-22,137.85714285714286,63.0,29.11,0.46,104.0
2019-07-29,131.0,55.0,29.81,0.13,104.0
2019-08-05,126.66666666666669,50.0,28.1,3.4,104.0
2019-08-12,128.0,51.0,28.53,4.76,104.0
2019-08-19,117.77777777777776,39.0,27.73,4.3,104.0
2019-08-26,120.0,42.5,27.64,1.74,104.0
2019-09-02,126.12903225806453,53.5,28.77,0.66,104.0
2019-09-09,130.96774193548387,54.5,28.57,3.07,104.0
2019-09-16,131.3793103448276,57.5,27.98,3.04,104.0
2019-09-23,132.94117647058823,74.0,27.21,10.79,104.0
2019-09-30,138.9655172413793,77.0,27.21,17.33,104.0
2019-10-07,145.625,79.0,27.06,13.66,104.0
2019-10-14,148.0,82.0,26.92,16.31,104.0
2019-10-21,141.3793103448276,69.0,25.79,8.96,104.0
2019-10-28,138.70967741935485,62.5,25.79,9.79,104.0
2019-11-04,135.0,51.0,27.01,2.97,104.0
2019-11-11,122.5,50.0,26.81,2.81,104.0
2019-11-18,116.4516129032258,36.0,26.48,3.3,104.0
2019-11-25,109.0909090909091,31.0,26.17,12.34,104.0
2019-12-02,113.10344827586206,33.5,25.77,6.69,104.0
2019-12-09,117.09677419354838,35.0,25.56,3.87,104.0
2019-12-16,119.3103448275862,38.0,25.74,7.33,104.0
2019-12-23,122.3076923076923,41.0,25.81,2.27,104.0
2019-12-30,110.71428571428572,40.0,26.39,0.87,104.0
2020-01-06,123.0,50.5,25.75,0.41,104.0
2020-01-13,142.22222222222223,85.0,24.91,0.57,104.0
2020-01-20,185.16129032258064,118.0,26.27,1.31,104.0
2020-01-27,235.75757575757575,153.0,25.52,0.0,104.0
2020-02-03,259.35483870967744,172.0,26.39,0.0,104.0
2020-02-10,254.0,161.0,26.76,0.21,104.0
2020-02-17,209.0,110.0,26.56,1.17,104.0
2020-02-24,178.4848484848485,85.0,27.46,0.0,104.0
2020-03-02,140.0,72.0,27.65,4.13,104.0
2020-03-09,137.21774193548387,70.22222222222223,28.29,0.0,104.0
2020-03-16,134.43548387096774,68.44444444444444,28.99,0.06,104.0
2020-03-23,131.65322580645162,66.66666666666667,29.01,0.24,104.0
2020-03-30,128.8709677419355,64.88888888888889,29.28,3.1,104.0
2020-04-06,126.08870967741936,63.111111111111114,29.24,0.96,104.0
2020-04-13,123.30645161290325,61.333333333333336,29.41,2.84,104.0
2020-04-20,120.5241935483871,59.55555555555556,29.33,3.39,104.0
2020-04-27,117.74193548387098,57.77777777777778,29.66,3.9,104.0
2020-05-04,114.95967741935485,56.0,29.22,10.79,104.0
2020-05-11,112.17741935483872,46.0,28.37,11.81,104.0
2020-05-18,109.39516129032258,31.66666667,28.58,1.34,104.0
2020-05-25,106.61290322580643,34.44444444,28.72,1.41,104.0
2020-06-01,103.83064516129032,35.0,28.29,1.86,104.0
2020-06-08,101.0483870967742,34.0,28.41,2.36,104.0
2020-06-15,98.26612903225806,33.5,29.11,0.77,104.0
2020-06-22,95.48387096774194,30.0,28.62,7.56,104.0
2020-06-29,100.9090909090909,30.5,28.94,0.94,104.0
2020-07-06,96.66666666666669,29.0,28.75,6.14,104.0
2020-07-13,100.34482758620688,33.125,28.96,3.26,104.0
2020-07-20,117.85714285714286,43.5,27.61,5.17,104.0
2020-07-27,120.71428571428572,55.0,27.61,3.89,104.0
2020-08-03,123.92857142857144,76.0,27.13,3.14,104.0
2020-08-10,136.07142857142858,92.0,28.11,0.23,104.0
2020-08-17,178.70967741935485,110.0,28.94,0.03,104.0
2020-08-24,205.33333333333337,127.0,29.41,0.1,104.0
2020-08-31,187.93103448275863,125.0,27.54,6.51,104.0
2020-09-07,190.3703703703704,126.0,27.34,4.24,104.0
2020-09-14,170.4,123.0,27.66,3.8,104.0
2020-09-21,168.14814814814815,85.0,27.59,2.11,104.0
2020-09-28,168.0,75.0,27.52,4.26,104.0
2020-10-05,174.66666666666666,80.26666666666667,28.36,1.36,104.0
2020-10-12,181.33333333333337,85.53333333333333,28.06,3.4,104.0
2020-10-19,188.0,90.8,28.24,0.56,104.0
2020-10-26,194.66666666666663,96.06666666666666,28.0,4.51,104.0
2020-11-02,201.33333333333337,101.33333333333331,27.59,13.29,104.0
2020-11-09,208.0,106.6,26.68,13.21,104.0
2020-11-16,214.66666666666669,111.86666666666667,26.47,5.0,104.0
2020-11-23,221.33333333333337,117.13333333333333,26.04,3.51,104.0
2020-11-30,228.0,122.4,25.54,21.51,104.0
2020-12-07,234.66666666666669,127.66666666666666,25.75,1.04,104.0
2020-12-14,241.33333333333337,132.93333333333334,24.99,6.79,104.0
2020-12-21,248.0,138.2,24.46,21.87,104.0
2021-01-04,254.66666666666669,143.46666666666667,25.5,11.99,104.0
2021-01-11,261.33333333333337,148.73333333333335,25.18,14.44,104.0
2021-01-18,268.0,154.0,25.51,3.56,104.0
2021-01-25,272.94117647058823,160.0,24.56,5.46,104.0
2021-02-01,251.57894736842104,159.0909091,25.13,2.47,104.0
2021-02-08,242.0,146.0,24.91,0.09,104.0
2021-02-15,212.0,125.0,25.91,1.41,104.0
2021-02-22,181.93548387096777,88.0,26.96,0.4,104.0
2021-03-01,163.04347826086956,81.0,26.78,0.64,104.0
2021-03-08,172.59259259259258,93.33333333,27.03,2.3,104.0
2021-03-15,159.31034482758622,76.0,27.63,2.09,104.0
2021-03-22,133.33333333333334,65.0,28.07,3.39,104.0
2021-03-29,124.86486486486488,63.33333333,29.39,0.23,104.0
2021-04-05,130.0,64.0,28.94,6.37,104.0
2021-04-12,108.33333333333331,56.0,27.61,7.47,104.0
2021-04-19,135.66666666666666,64.0,28.37,1.24,104.0
2021-04-26,108.66666666666669,47.5,28.44,4.24,104.0
2021-05-03,103.44827586206895,30.5,27.85,12.77,104.0
2021-05-10,106.20689655172414,42.0,27.81,6.51,104.0
2021-05-17,103.46153846153848,38.5,27.94,2.47,104.0
2021-05-24,113.8846153846154,44.0,27.74,3.61,104.0
2021-05-31,124.3076923076923,49.5,27.92,4.79,104.0
2021-06-07,134.73076923076923,55.0,28.03,1.11,104.0
2021-06-14,145.15384615384616,60.5,28.06,0.44,104.0
2021-06-21,155.57692307692307,66.0,28.45,2.01,111.0
2021-06-28,166.0,85.0,28.37,1.19,111.0
2021-07-05,156.55172413793105,84.0,28.14,3.94,111.0
2021-07-12,160.0,88.0,28.7,1.39,111.0
2021-07-19,162.33333333333334,89.0,28.59,1.21,111.0
2021-07-26,156.33333333333334,88.0,28.97,0.5,111.0
2021-08-02,160.4,94.0,29.17,1.14,111.0
2021-08-09,166.2962962962963,104.0,28.65,3.23,111.0
2021-08-16,178.33333333333334,109.1666667,27.98,1.14,111.0
2021-08-23,178.33333333333334,116.08333335,28.05,0.77,111.0
2021-08-30,178.33333333333334,123.0,27.51,2.93,111.0
2021-09-06,176.66666666666666,86.0,28.64,0.27,111.0
2021-09-13,143.125,77.0,28.82,2.89,111.0
2021-09-20,129.41176470588235,55.0,28.72,6.1,111.0
2021-09-27,116.66666666666669,45.5,27.26,5.7,111.0
2021-10-04,102.5,40.0,26.81,8.91,111.0
2021-10-11,113.92857142857144,48.5,27.56,3.31,111.0
2021-10-18,113.44827586206895,45.0,27.41,6.34,111.0
2021-10-25,105.55555555555556,42.5,26.46,14.66,111.0
2021-11-01,96.53846153846152,40.0,26.27,15.8,111.0
2021-11-08,102.0,41.5,25.23,17.3,111.0
2021-11-15,117.58620689655172,45.5,26.29,6.56,111.0
2021-11-22,118.92857142857144,47.0,25.57,13.71,111.0
2021-11-29,122.41379310344828,57.0,26.53,5.01,111.0
2021-12-06,120.35714285714286,46.0,26.73,1.4,111.0
2021-12-13,122.3076923076923,52.0,25.66,4.23,111.0
2021-12-20,113.46153846153848,50.0,25.23,0.33,111.0
2021-12-27,118.51851851851852,66.5,25.4,2.64,121.0
2022-01-03,132.85714285714286,72.5,25.5,2.01,121.0
2022-01-10,146.36363636363637,78.0,26.11,1.37,121.0
2022-01-17,203.92857142857144,113.3333333,25.39,0.09,121.0
2022-01-24,226.0,150.0,25.6,0.69,121.0
2022-01-31,226.42857142857144,156.0,26.14,0.09,121.0
2022-02-07,224.8571428571429,150.0,25.06,9.96,121.0
2022-02-14,256.1290322580645,158.0,25.57,0.81,121.0
2022-02-21,260.0,177.0,26.48,1.04,121.0
2022-02-28,255.86206896551724,173.0,26.19,0.89,121.0
2022-03-07,247.0967741935484,162.0,27.37,0.41,121.0
2022-03-14,220.0,146.0,27.97,2.5,121.0
2022-03-21,161.93548387096774,70.0,28.3,2.7,176.0
2022-03-28,155.86206896551724,54.0,28.43,4.84,176.0
2022-04-04,157.24137931034485,63.0,27.11,10.19,176.0
2022-04-11,133.33333333333334,54.0,27.64,5.51,176.0
2022-04-18,146.4,54.54545455,27.85,7.33,176.0
2022-04-25,130.3448275862069,54.0,28.51,5.17,289.0
2022-05-02,139.64285714285714,67.0,29.04,0.49,289.0
2022-05-09,155.0,76.0,27.84,4.36,289.0
2022-05-16,190.68965517241375,96.0,27.61,2.36,289.0
2022-05-23,190.0,119.0,27.35,1.53,289.0
2022-05-30,190.0,113.0,27.5,1.46,400.0
2022-06-06,210.3125,114.0,27.56,1.86,400.0
2022-06-13,225.71428571428572,139.0,27.79,4.07,400.0
2022-06-20,258.06451612903226,176.0,28.11,1.34,400.0
2022-06-27,273.125,198.0,28.89,3.27,400.0
2022-07-04,301.25,220.0,28.66,0.27,460.0
2022-07-11,333.57142857142856,235.0,28.46,0.4,460.0
2022-07-18,341.3333333333333,235.0,28.51,4.03,460.0
2022-07-25,295.51724137931035,233.6363636,27.82,6.17,440.0
2022-08-01,272.0,136.0,26.66,4.46,440.0
2022-08-08,247.74193548387095,124.0,28.41,0.47,430.0
2022-08-15,241.29032258064515,114.0,28.65,2.07,430.0
2022-08-22,244.13793103448276,133.0,27.8,7.46,430.0
2022-08-29,217.24137931034485,126.0,26.81,8.01,430.0
2022-09-05,247.74193548387095,159.0,27.44,0.91,430.0
2022-09-12,252.66666666666663,168.0,27.97,0.26,430.0
2022-09-19,241.3793103448276,147.0,28.79,0.51,430.0
2022-09-26,239.28571428571428,133.0,28.4,2.53,430.0
2022-10-03,263.1034482758621,167.0,28.24,5.66,430.0
2022-10-10,275.0,200.0,26.96,11.87,430.0
2022-10-17,273.75,169.0,25.88,12.46,430.0
2022-10-24,277.77777777777777,193.0,26.19,3.99,415.0
2022-10-31,257.037037037037,156.0,25.64,12.94,415.0
2022-11-07,240.3571428571429,134.0,25.7,14.46,415.0
2022-11-14,234.28571428571428,130.0,25.14,2.01,415.0
2022-11-21,226.55172413793105,113.0,26.12,0.21,430.0
2022-11-28,220.68965517241375,90.0,26.36,5.39,430.0
2022-12-05,222.47765006385697,80.0,24.44,8.63,430.0
2022-12-12,224.2656449553001,82.0,25.4,3.84,420.0
2022-12-19,226.0536398467433,110.0,24.76,11.11,420.0
2022-12-26,227.84163473818649,113.0,25.84,1.97,420.0
2023-01-02,229.6296296296296,130.0,24.78,4.06,420.0
2023-01-09,235.17241379310343,134.0,24.04,0.04,405.0
2023-01-16,237.8571428571429,135.0,24.61,2.8,405.0
2023-01-23,228.0,119.0,24.76,1.29,405.0
2023-01-30,200.0,79.0,25.15,18.74,405.0
2023-02-06,177.85714285714286,72.0,25.77,0.59,405.0
2023-02-13,177.14285714285714,70.0,25.08,0.23,405.0
2023-02-20,155.71428571428572,62.0,25.86,0.29,405.0
2023-02-27,153.07692307692307,57.0,26.24,1.46,405.0
2023-03-06,151.4814814814815,54.0,26.89,0.99,405.0
2023-03-13,156.55172413793105,54.44444444,27.48,5.96,405.0
2023-03-20,141.72413793103448,49.0,27.86,4.1,405.0
2023-03-27,137.24137931034485,43.0,28.67,0.6,405.0
2023-04-03,130.3448275862069,42.5,28.31,1.71,405.0
2023-04-10,134.28571428571428,44.54545455,29.04,0.41,325.0
2023-04-17,110.35714285714286,44.0,29.64,4.11,325.0
2023-04-24,136.36363636363637,53.0,28.16,12.93,325.0
2023-05-01,132.66666666666666,40.0,27.1,12.16,325.0
2023-05-08,134.4,66.0,27.91,3.04,310.0
2023-05-15,167.40740740740742,76.0,28.96,1.09,310.0
2023-05-22,153.75,70.0,28.98,0.56,310.0
2023-05-29,156.89655172413794,67.0,29.08,2.03,310.0
2023-06-05,162.75862068965515,75.0,29.09,0.33,310.0
2023-06-12,164.84848484848484,82.0,29.1,1.17,310.0
2023-06-19,180.8571428571429,88.0,28.74,0.84,310.0
2023-06-26,190.9375,91.0,28.44,2.63,310.0
2023-07-03,195.0,125.0,28.16,1.43,310.0
2023-07-10,206.0606060606061,116.0,28.82,1.34,308.0
2023-07-17,201.11111111111111,110.0,29.62,0.16,308.0
2023-07-24,200.0,108.0,29.69,0.5,308.0
2023-07-31,206.76470588235293,124.0,30.31,0.1,308.0
2023-08-07,197.5675675675676,116.0,29.99,2.69,306.0
2023-08-14,190.33333333333337,106.0,29.55,0.09,306.0
2023-08-21,184.6153846153846,79.0,30.31,0.87,306.0
2023-08-28,180.8108108108108,67.0,29.4,6.96,306.0
2023-09-04,162.4390243902439,57.0,27.64,1.7,306.0
2023-09-11,171.47058823529412,59.0,28.91,3.17,341.0
2023-09-18,172.5,69.09090909,28.48,2.93,341.0
2023-09-25,157.2972972972973,54.0,28.01,3.49,341.0
2023-10-02,162.28571428571428,60.0,28.16,5.07,341.0
2023-10-09,155.0,47.0,27.46,14.01,351.0
2023-10-16,163.78378378378378,57.0,26.84,14.99,351.0
2023-10-23,145.27777777777777,54.0,27.34,5.77,351.0
2023-10-30,167.35294117647058,64.0,26.91,29.54,351.0
2023-11-06,172.57142857142858,84.0,26.44,14.27,351.0
2023-11-13,176.57142857142858,94.0,26.19,13.6,356.0
2023-11-20,180.33333333333337,88.0,26.76,11.67,356.0
2023-11-27,201.93548387096777,99.0,25.86,14.8,356.0
2023-12-04,211.76470588235293,103.0,26.66,9.87,356.0
2023-12-11,236.8965517241379,137.0,25.84,12.91,329.0
2023-12-18,273.52941176470586,147.0,25.96,7.76,329.0
2023-12-25,272.7586206896552,154.0,25.97,2.3,329.0
2024-01-01,277.037037037037,162.0,26.11,5.67,329.0
2024-01-08,262.5,107.0,25.65,7.36,358.0
2024-01-15,271.0344827586207,130.0,25.4,0.99,358.0
2024-01-22,262.4,127.0,25.84,0.21,358.0
2024-01-29,311.0344827586207,187.0,26.61,5.64,358.0
2024-02-05,336.1290322580645,238.0,26.5,0.11,358.0
2024-02-12,389.0,263.0,27.41,0.71,363.0
2024-02-19,370.38461538461536,252.0,28.26,0.06,363.0
2024-02-26,390.7407407407408,256.0,28.31,0.13,363.0
2024-03-04,370.3571428571428,242.0,28.22,0.01,363.0
2024-03-11,356.0,214.0,29.29,0.03,363.0
2024-03-18,299.6774193548387,163.0,28.84,1.81,363.0
2024-03-25,295.17241379310343,148.0,29.42,4.27,363.0
2024-04-01,273.5483870967742,142.0,30.42,1.34,363.0
2024-04-08,251.5625,124.0,29.73,3.71,363.0
2024-04-15,256.8,129.0,29.92,2.16,363.0
2024-04-22,231.92307692307693,100.0,30.97,0.26,363.0
2024-04-29,188.66666666666663,74.0,31.05,1.87,363.0
2024-05-06,182.0,52.0,29.87,11.77,363.0
2024-05-13,170.0,50.0,28.21,17.76,333.0
2024-05-20,173.03030303030303,70.0,27.22,9.89,333.0
2024-05-27,201.0,72.0,28.36,2.29,333.0
2024-06-03,209.33333333333337,76.0,27.81,1.2,333.0
2024-06-10,209.25925925925927,98.0,28.5,0.46,317.0
2024-06-17,232.25806451612905,126.0,28.08,2.26,317.0
2024-06-24,268.46153846153845,165.0,28.11,0.9,317.0
2024-07-01,264.51612903225805,150.0,28.49,1.27,317.0
2024-07-08,256.2068965517241,133.0,28.56,1.16,317.0
2024-07-15,271.0344827586207,148.0,28.69,1.06,317.0
2024-07-22,326.6666666666667,202.0,29.67,0.19,317.0
2024-07-29,297.741935483871,135.0,29.11,0.99,317.0
2024-08-05,243.33333333333337,128.0,29.24,3.81,317.0
2024-08-12,257.3529411764706,129.0,28.02,6.44,317.0
2024-08-19,225.92592592592592,137.0,27.53,3.57,317.0
2024-08-26,222.06896551724137,90.0,27.97,1.69,317.0
2024-09-02,201.25,77.0,28.47,1.3,317.0
2024-09-09,167.64705882352942,57.0,28.91,1.14,307.0
2024-09-16,146.7741935483871,56.0,29.29,0.23,307.0
2024-09-23,154.07407407407408,59.0,29.45,2.59,307.0
2024-09-30,174.11764705882354,55.0,29.21,3.51,307.0
2024-10-07,165.71428571428572,54.28571429,27.06,8.86,283.0
2024-10-14,180.625,90.0,27.11,2.76,283.0
2024-10-21,207.42857142857144,100.0,27.04,10.8,283.0
2024-10-28,204.28571428571428,96.0,27.06,12.61,283.0
2024-11-04,205.0,100.0,26.31,6.49,283.0
2024-11-11,210.0,102.2222222,26.85,7.03,283.0
2024-11-18,211.6129032258065,108.0,25.88,17.51,283.0
2024-11-25,214.0,111.0,24.56,46.0,283.0
2024-12-02,217.74193548387095,124.0,26.64,0.73,283.0
2024-12-09,217.4193548387097,117.0,25.71,10.1,286.0
2024-12-16,225.45454545454547,126.0,25.71,10.49,286.0
2024-12-23,280.9375,170.0,25.82,2.3,286.0
2024-12-30,271.6666666666667,151.0,25.06,4.23,286.0
2025-01-06,267.0967741935484,131.0,24.89,8.0,286.0
2025-01-13,261.5151515151515,118.0,24.57,12.2,286.0
2025-01-20,240.32258064516128,108.0,25.36,5.44,286.0
2025-01-27,237.40740740740745,118.0,25.49,2.63,286.0
2025-02-03,226.0,113.0,25.43,0.21,286.0
2025-02-10,230.96774193548387,124.0,25.61,0.3,286.0
2025-02-17,262.1875,134.0,26.61,0.0,286.0
2025-02-24,254.0,123.0,26.2,6.5,286.0
2025-03-03,244.6875,119.0,26.9,0.04,286.0
2025-03-10,235.3571428571429,117.0,26.69,7.93,286.0
2025-03-17,244.16666666666663,119.0,27.62,6.24,286.0
2025-03-24,256.6666666666667,140.0,28.24,0.16,286.0
2025-03-31,281.61290322580646,166.0,27.75,12.7,286.0
2025-04-07,316.47058823529414,252.0,27.73,2.66,286.0
2025-04-14,324.5,218.0,29.18,2.34,286.0
2025-04-21,321.07142857142856,192.0,29.19,8.69,286.0
2025-04-28,295.4166666666667,176.0,28.13,7.21,286.0
2025-05-05,293.1818181818182,174.0,29.24,4.24,286.0
2025-05-12,288.4,163.0,28.99,2.84,274.0
2025-05-19,269.2857142857143,130.0,28.61,1.47,274.0
2025-05-26,256.6666666666667,114.0,29.38,1.59,274.0
2025-06-02,256.2962962962963,108.0,29.46,0.33,274.0
2025-06-09,240.625,107.0,28.5,2.69,274.0
2025-06-16,233.66666666666663,101.8181818,28.94,0.41,274.0
2025-06-23,245.92592592592592,103.6363636,29.64,0.41,274.0
2025-06-30,235.3571428571429,96.0,30.03,0.14,274.0
2025-07-07,227.5,94.54545455,30.77,0.8,289.0
2025-07-14,212.06896551724137,81.66666667,29.66,1.07,289.0
2025-07-21,177.14285714285714,64.16666667,28.8,0.89,289.0
2025-07-28,170.43478260869566,53.46153846,30.06,1.76,289.0
2025-08-04,167.14285714285714,52.5,28.88,2.26,289.0
2025-08-11,129.66666666666666,49.58333333,28.69,0.44,289.0
2025-08-18,143.33333333333334,50.83333333,30.03,1.0,289.0
2025-08-25,150.68965517241378,40.0,29.55,1.07,289.0
2025-09-01,152.03703703703704,39.16666667,30.24,0.84,289.0
2025-09-08,176.92307692307693,41.66666667,29.55,5.56,283.0
2025-09-15,132.17391304347825,40.0,28.33,2.77,283.0
2025-09-22,132.69230769230768,40.83333333,28.25,2.07,283.0
2025-09-29,173.57142857142858,59.16666667,29.21,3.67,283.0
2025-10-06,194.23076923076923,55.90909091,28.36,8.89,283.0
2025-10-13,172.17391304347825,45.0,27.59,16.81,277.0
2025-10-20,178.84615384615384,50.0,25.96,17.54,277.0
2025-10-27,188.0,55.0,27.71,0.73,277.0
2025-11-03,173.91304347826087,60.0,27.09,5.1,277.0
2025-11-10,170.0,55.45454545,26.15,9.14,277.0
2025-11-17,156.78571428571428,59.0,25.83,19.74,277.0
2025-11-24,256.6666666666667,133.3333333,24.04,82.83,277.0
2025-12-01,257.89473684210526,90.0,26.1,3.87,277.0
2025-12-08,248.33333333333337,86.36363636,25.04,11.66,277.0
2025-12-15,251.42857142857144,93.63636364,24.98,4.13,277.0
2025-12-22,251.42857142857144,115.0,24.96,1.77,277.0
2026-03-16,200.31,,28.32,2.63,303.0
2026-03-30,181.62,,28.94,4.01,382.0
2026-04-06,169.56,,29.88,2.0,382.0
2026-04-20,167.1,,29.5,3.1,382.0
2026-04-27,162.43,,29.6,5.24,382.0
2026-05-04,160.23,,28.69,18.11,392.0
2026-05-11,184.69,,27.18,9.61,392.0
2026-05-18,194.22,,28.54,0.76,392.0
2026-06-01,198.5,,28.93,1.06,407.0
2026-06-08,196.83,,28.18,3.06,407.0
2026-06-15,187.59,,28.58,1.54,407.0
2026-06-22,196.72,,28.77,2.04,407.0
